[
{
  "model": "admin.logentry",
  "pk": 1,
  "fields": {
    "action_time": "2024-05-17T06:29:23.488Z",
    "user": 1,
    "content_type": 12,
    "object_id": "1",
    "object_repr": "завтрак",
    "action_flag": 1,
    "change_message": "[{\"added\": {}}]"
  }
},
{
  "model": "admin.logentry",
  "pk": 2,
  "fields": {
    "action_time": "2024-05-17T06:29:57.247Z",
    "user": 1,
    "content_type": 12,
    "object_id": "2",
    "object_repr": "обед",
    "action_flag": 1,
    "change_message": "[{\"added\": {}}]"
  }
},
{
  "model": "admin.logentry",
  "pk": 3,
  "fields": {
    "action_time": "2024-05-17T06:30:31.644Z",
    "user": 1,
    "content_type": 12,
    "object_id": "3",
    "object_repr": "ужин",
    "action_flag": 1,
    "change_message": "[{\"added\": {}}]"
  }
},
{
  "model": "admin.logentry",
  "pk": 4,
  "fields": {
    "action_time": "2024-05-17T06:31:57.269Z",
    "user": 1,
    "content_type": 10,
    "object_id": "1",
    "object_repr": "абрикосовое пюре",
    "action_flag": 1,
    "change_message": "[{\"added\": {}}]"
  }
},
{
  "model": "admin.logentry",
  "pk": 5,
  "fields": {
    "action_time": "2024-05-17T06:32:16.767Z",
    "user": 1,
    "content_type": 10,
    "object_id": "2",
    "object_repr": "базилик тайский",
    "action_flag": 1,
    "change_message": "[{\"added\": {}}]"
  }
},
{
  "model": "admin.logentry",
  "pk": 6,
  "fields": {
    "action_time": "2024-05-17T06:32:37.471Z",
    "user": 1,
    "content_type": 10,
    "object_id": "3",
    "object_repr": "бараний окорок на косточке",
    "action_flag": 1,
    "change_message": "[{\"added\": {}}]"
  }
},
{
  "model": "admin.logentry",
  "pk": 7,
  "fields": {
    "action_time": "2024-05-17T06:32:54.014Z",
    "user": 1,
    "content_type": 10,
    "object_id": "4",
    "object_repr": "бисквитная крошка",
    "action_flag": 1,
    "change_message": "[{\"added\": {}}]"
  }
},
{
  "model": "admin.logentry",
  "pk": 8,
  "fields": {
    "action_time": "2024-05-17T06:33:22.475Z",
    "user": 1,
    "content_type": 10,
    "object_id": "5",
    "object_repr": "виноградное желе",
    "action_flag": 1,
    "change_message": "[{\"added\": {}}]"
  }
},
{
  "model": "admin.logentry",
  "pk": 9,
  "fields": {
    "action_time": "2024-05-17T06:33:50.418Z",
    "user": 1,
    "content_type": 10,
    "object_id": "6",
    "object_repr": "гвоздика молотая",
    "action_flag": 1,
    "change_message": "[{\"added\": {}}]"
  }
},
{
  "model": "admin.logentry",
  "pk": 10,
  "fields": {
    "action_time": "2024-05-17T06:34:14.239Z",
    "user": 1,
    "content_type": 10,
    "object_id": "7",
    "object_repr": "гратен",
    "action_flag": 1,
    "change_message": "[{\"added\": {}}]"
  }
},
{
  "model": "admin.logentry",
  "pk": 11,
  "fields": {
    "action_time": "2024-05-17T06:34:51.750Z",
    "user": 1,
    "content_type": 10,
    "object_id": "8",
    "object_repr": "зефир",
    "action_flag": 1,
    "change_message": "[{\"added\": {}}]"
  }
},
{
  "model": "admin.logentry",
  "pk": 12,
  "fields": {
    "action_time": "2024-05-17T06:35:11.772Z",
    "user": 1,
    "content_type": 10,
    "object_id": "9",
    "object_repr": "имбирное печенье",
    "action_flag": 1,
    "change_message": "[{\"added\": {}}]"
  }
},
{
  "model": "admin.logentry",
  "pk": 13,
  "fields": {
    "action_time": "2024-05-17T06:35:46.730Z",
    "user": 1,
    "content_type": 10,
    "object_id": "10",
    "object_repr": "калинджи семена",
    "action_flag": 1,
    "change_message": "[{\"added\": {}}]"
  }
},
{
  "model": "admin.logentry",
  "pk": 14,
  "fields": {
    "action_time": "2024-05-17T06:41:18.296Z",
    "user": 1,
    "content_type": 11,
    "object_id": "1",
    "object_repr": "Банановые панкейки",
    "action_flag": 1,
    "change_message": "[{\"added\": {}}, {\"added\": {\"name\": \"recipe ingredient\", \"object\": \"RecipeIngredient object (1)\"}}, {\"added\": {\"name\": \"recipe ingredient\", \"object\": \"RecipeIngredient object (2)\"}}, {\"added\": {\"name\": \"recipe ingredient\", \"object\": \"RecipeIngredient object (3)\"}}]"
  }
},
{
  "model": "admin.logentry",
  "pk": 15,
  "fields": {
    "action_time": "2024-05-17T06:42:45.822Z",
    "user": 1,
    "content_type": 11,
    "object_id": "2",
    "object_repr": "Нежные творожные сырники",
    "action_flag": 1,
    "change_message": "[{\"added\": {}}, {\"added\": {\"name\": \"recipe ingredient\", \"object\": \"RecipeIngredient object (4)\"}}, {\"added\": {\"name\": \"recipe ingredient\", \"object\": \"RecipeIngredient object (5)\"}}, {\"added\": {\"name\": \"recipe ingredient\", \"object\": \"RecipeIngredient object (6)\"}}, {\"added\": {\"name\": \"recipe ingredient\", \"object\": \"RecipeIngredient object (7)\"}}]"
  }
},
{
  "model": "admin.logentry",
  "pk": 16,
  "fields": {
    "action_time": "2024-05-17T06:43:45.466Z",
    "user": 1,
    "content_type": 11,
    "object_id": "3",
    "object_repr": "Двухслойная творожная запеканка",
    "action_flag": 1,
    "change_message": "[{\"added\": {}}, {\"added\": {\"name\": \"recipe ingredient\", \"object\": \"RecipeIngredient object (8)\"}}, {\"added\": {\"name\": \"recipe ingredient\", \"object\": \"RecipeIngredient object (9)\"}}]"
  }
},
{
  "model": "admin.logentry",
  "pk": 17,
  "fields": {
    "action_time": "2024-05-17T06:44:58.570Z",
    "user": 1,
    "content_type": 11,
    "object_id": "4",
    "object_repr": "Турецкая яичница чылбыр с йогуртом",
    "action_flag": 1,
    "change_message": "[{\"added\": {}}, {\"added\": {\"name\": \"recipe ingredient\", \"object\": \"RecipeIngredient object (10)\"}}, {\"added\": {\"name\": \"recipe ingredient\", \"object\": \"RecipeIngredient object (11)\"}}, {\"added\": {\"name\": \"recipe ingredient\", \"object\": \"RecipeIngredient object (12)\"}}]"
  }
},
{
  "model": "admin.logentry",
  "pk": 18,
  "fields": {
    "action_time": "2024-05-17T06:46:16.609Z",
    "user": 1,
    "content_type": 11,
    "object_id": "5",
    "object_repr": "Брускетта с тунцом",
    "action_flag": 1,
    "change_message": "[{\"added\": {}}, {\"added\": {\"name\": \"recipe ingredient\", \"object\": \"RecipeIngredient object (13)\"}}, {\"added\": {\"name\": \"recipe ingredient\", \"object\": \"RecipeIngredient object (14)\"}}, {\"added\": {\"name\": \"recipe ingredient\", \"object\": \"RecipeIngredient object (15)\"}}, {\"added\": {\"name\": \"recipe ingredient\", \"object\": \"RecipeIngredient object (16)\"}}, {\"added\": {\"name\": \"recipe ingredient\", \"object\": \"RecipeIngredient object (17)\"}}]"
  }
},
{
  "model": "admin.logentry",
  "pk": 19,
  "fields": {
    "action_time": "2024-05-17T06:50:51.118Z",
    "user": 1,
    "content_type": 14,
    "object_id": "2",
    "object_repr": "username: user1",
    "action_flag": 1,
    "change_message": "[{\"added\": {}}]"
  }
},
{
  "model": "admin.logentry",
  "pk": 20,
  "fields": {
    "action_time": "2024-05-17T06:51:30.280Z",
    "user": 1,
    "content_type": 14,
    "object_id": "3",
    "object_repr": "username: user2",
    "action_flag": 1,
    "change_message": "[{\"added\": {}}]"
  }
},
{
  "model": "admin.logentry",
  "pk": 21,
  "fields": {
    "action_time": "2024-05-17T06:51:59.066Z",
    "user": 1,
    "content_type": 14,
    "object_id": "4",
    "object_repr": "username: user3",
    "action_flag": 1,
    "change_message": "[{\"added\": {}}]"
  }
},
{
  "model": "admin.logentry",
  "pk": 22,
  "fields": {
    "action_time": "2024-05-17T06:52:31.642Z",
    "user": 1,
    "content_type": 14,
    "object_id": "5",
    "object_repr": "username: user4",
    "action_flag": 1,
    "change_message": "[{\"added\": {}}]"
  }
},
{
  "model": "admin.logentry",
  "pk": 23,
  "fields": {
    "action_time": "2024-05-17T06:53:09.194Z",
    "user": 1,
    "content_type": 14,
    "object_id": "5",
    "object_repr": "username: user4",
    "action_flag": 3,
    "change_message": ""
  }
},
{
  "model": "admin.logentry",
  "pk": 24,
  "fields": {
    "action_time": "2024-05-17T06:54:30.742Z",
    "user": 1,
    "content_type": 11,
    "object_id": "6",
    "object_repr": "Феттучине с куриной грудкой и вялеными помидорами",
    "action_flag": 1,
    "change_message": "[{\"added\": {}}, {\"added\": {\"name\": \"recipe ingredient\", \"object\": \"RecipeIngredient object (18)\"}}, {\"added\": {\"name\": \"recipe ingredient\", \"object\": \"RecipeIngredient object (19)\"}}]"
  }
},
{
  "model": "admin.logentry",
  "pk": 25,
  "fields": {
    "action_time": "2024-05-17T06:55:28.444Z",
    "user": 1,
    "content_type": 11,
    "object_id": "7",
    "object_repr": "Паста «Четыре сыра»",
    "action_flag": 1,
    "change_message": "[{\"added\": {}}, {\"added\": {\"name\": \"recipe ingredient\", \"object\": \"RecipeIngredient object (20)\"}}, {\"added\": {\"name\": \"recipe ingredient\", \"object\": \"RecipeIngredient object (21)\"}}, {\"added\": {\"name\": \"recipe ingredient\", \"object\": \"RecipeIngredient object (22)\"}}]"
  }
},
{
  "model": "admin.logentry",
  "pk": 26,
  "fields": {
    "action_time": "2024-05-17T06:56:23.985Z",
    "user": 1,
    "content_type": 11,
    "object_id": "8",
    "object_repr": "Лазанья",
    "action_flag": 1,
    "change_message": "[{\"added\": {}}, {\"added\": {\"name\": \"recipe ingredient\", \"object\": \"RecipeIngredient object (23)\"}}, {\"added\": {\"name\": \"recipe ingredient\", \"object\": \"RecipeIngredient object (24)\"}}, {\"added\": {\"name\": \"recipe ingredient\", \"object\": \"RecipeIngredient object (25)\"}}]"
  }
},
{
  "model": "admin.logentry",
  "pk": 27,
  "fields": {
    "action_time": "2024-05-17T07:00:13.364Z",
    "user": 1,
    "content_type": 11,
    "object_id": "9",
    "object_repr": "Сливочно-сырный суп с ветчиной",
    "action_flag": 1,
    "change_message": "[{\"added\": {}}, {\"added\": {\"name\": \"recipe ingredient\", \"object\": \"RecipeIngredient object (26)\"}}, {\"added\": {\"name\": \"recipe ingredient\", \"object\": \"RecipeIngredient object (27)\"}}, {\"added\": {\"name\": \"recipe ingredient\", \"object\": \"RecipeIngredient object (28)\"}}, {\"added\": {\"name\": \"recipe ingredient\", \"object\": \"RecipeIngredient object (29)\"}}, {\"added\": {\"name\": \"recipe ingredient\", \"object\": \"RecipeIngredient object (30)\"}}, {\"added\": {\"name\": \"recipe ingredient\", \"object\": \"RecipeIngredient object (31)\"}}, {\"added\": {\"name\": \"recipe ingredient\", \"object\": \"RecipeIngredient object (32)\"}}, {\"added\": {\"name\": \"recipe ingredient\", \"object\": \"RecipeIngredient object (33)\"}}, {\"added\": {\"name\": \"recipe ingredient\", \"object\": \"RecipeIngredient object (34)\"}}, {\"added\": {\"name\": \"recipe ingredient\", \"object\": \"RecipeIngredient object (35)\"}}]"
  }
},
{
  "model": "admin.logentry",
  "pk": 28,
  "fields": {
    "action_time": "2024-05-17T07:01:51.311Z",
    "user": 1,
    "content_type": 11,
    "object_id": "10",
    "object_repr": "Суп а-ля харчо",
    "action_flag": 1,
    "change_message": "[{\"added\": {}}, {\"added\": {\"name\": \"recipe ingredient\", \"object\": \"RecipeIngredient object (36)\"}}]"
  }
},
{
  "model": "admin.logentry",
  "pk": 29,
  "fields": {
    "action_time": "2024-05-17T07:02:46.599Z",
    "user": 1,
    "content_type": 11,
    "object_id": "11",
    "object_repr": "Острый креветочный суп",
    "action_flag": 1,
    "change_message": "[{\"added\": {}}, {\"added\": {\"name\": \"recipe ingredient\", \"object\": \"RecipeIngredient object (37)\"}}, {\"added\": {\"name\": \"recipe ingredient\", \"object\": \"RecipeIngredient object (38)\"}}]"
  }
},
{
  "model": "admin.logentry",
  "pk": 30,
  "fields": {
    "action_time": "2024-05-17T07:04:18.042Z",
    "user": 1,
    "content_type": 11,
    "object_id": "12",
    "object_repr": "Кутабы с сыром и зеленью",
    "action_flag": 1,
    "change_message": "[{\"added\": {}}, {\"added\": {\"name\": \"recipe ingredient\", \"object\": \"RecipeIngredient object (39)\"}}, {\"added\": {\"name\": \"recipe ingredient\", \"object\": \"RecipeIngredient object (40)\"}}]"
  }
},
{
  "model": "admin.logentry",
  "pk": 31,
  "fields": {
    "action_time": "2024-05-17T07:05:41.819Z",
    "user": 1,
    "content_type": 11,
    "object_id": "13",
    "object_repr": "Блины с начинкой из куриных сердечек и шампиньонов",
    "action_flag": 1,
    "change_message": "[{\"added\": {}}, {\"added\": {\"name\": \"recipe ingredient\", \"object\": \"RecipeIngredient object (41)\"}}, {\"added\": {\"name\": \"recipe ingredient\", \"object\": \"RecipeIngredient object (42)\"}}]"
  }
},
{
  "model": "admin.logentry",
  "pk": 32,
  "fields": {
    "action_time": "2024-05-17T07:06:41.734Z",
    "user": 1,
    "content_type": 11,
    "object_id": "14",
    "object_repr": "Свиная вырезка с песто из шпината",
    "action_flag": 1,
    "change_message": "[{\"added\": {}}, {\"added\": {\"name\": \"recipe ingredient\", \"object\": \"RecipeIngredient object (43)\"}}, {\"added\": {\"name\": \"recipe ingredient\", \"object\": \"RecipeIngredient object (44)\"}}, {\"added\": {\"name\": \"recipe ingredient\", \"object\": \"RecipeIngredient object (45)\"}}]"
  }
},
{
  "model": "admin.logentry",
  "pk": 33,
  "fields": {
    "action_time": "2024-05-17T07:07:54.818Z",
    "user": 1,
    "content_type": 11,
    "object_id": "15",
    "object_repr": "Чахохбили с мятой",
    "action_flag": 1,
    "change_message": "[{\"added\": {}}, {\"added\": {\"name\": \"recipe ingredient\", \"object\": \"RecipeIngredient object (46)\"}}, {\"added\": {\"name\": \"recipe ingredient\", \"object\": \"RecipeIngredient object (47)\"}}, {\"added\": {\"name\": \"recipe ingredient\", \"object\": \"RecipeIngredient object (48)\"}}, {\"added\": {\"name\": \"recipe ingredient\", \"object\": \"RecipeIngredient object (49)\"}}]"
  }
},
{
  "model": "admin.logentry",
  "pk": 34,
  "fields": {
    "action_time": "2024-05-17T07:08:55.539Z",
    "user": 1,
    "content_type": 11,
    "object_id": "16",
    "object_repr": "Фаршированные свиные отбивные с ягодным соусом",
    "action_flag": 1,
    "change_message": "[{\"added\": {}}, {\"added\": {\"name\": \"recipe ingredient\", \"object\": \"RecipeIngredient object (50)\"}}, {\"added\": {\"name\": \"recipe ingredient\", \"object\": \"RecipeIngredient object (51)\"}}, {\"added\": {\"name\": \"recipe ingredient\", \"object\": \"RecipeIngredient object (52)\"}}]"
  }
},
{
  "model": "admin.logentry",
  "pk": 35,
  "fields": {
    "action_time": "2024-05-17T07:09:33.818Z",
    "user": 1,
    "content_type": 11,
    "object_id": "17",
    "object_repr": "Тефтельки фламбе",
    "action_flag": 1,
    "change_message": "[{\"added\": {}}, {\"added\": {\"name\": \"recipe ingredient\", \"object\": \"RecipeIngredient object (53)\"}}]"
  }
},
{
  "model": "admin.logentry",
  "pk": 36,
  "fields": {
    "action_time": "2024-05-17T07:12:59.656Z",
    "user": 1,
    "content_type": 14,
    "object_id": "6",
    "object_repr": "username: user4",
    "action_flag": 1,
    "change_message": "[{\"added\": {}}]"
  }
},
{
  "model": "admin.logentry",
  "pk": 37,
  "fields": {
    "action_time": "2024-05-17T07:13:58.605Z",
    "user": 1,
    "content_type": 11,
    "object_id": "18",
    "object_repr": "Утка с картофелем по-китайски",
    "action_flag": 1,
    "change_message": "[{\"added\": {}}, {\"added\": {\"name\": \"recipe ingredient\", \"object\": \"RecipeIngredient object (54)\"}}, {\"added\": {\"name\": \"recipe ingredient\", \"object\": \"RecipeIngredient object (55)\"}}]"
  }
},
{
  "model": "admin.logentry",
  "pk": 38,
  "fields": {
    "action_time": "2024-05-17T07:14:53.825Z",
    "user": 1,
    "content_type": 11,
    "object_id": "19",
    "object_repr": "Салат с фетой, мандарином, клюквой и орехами",
    "action_flag": 1,
    "change_message": "[{\"added\": {}}, {\"added\": {\"name\": \"recipe ingredient\", \"object\": \"RecipeIngredient object (56)\"}}]"
  }
},
{
  "model": "admin.logentry",
  "pk": 39,
  "fields": {
    "action_time": "2024-05-17T07:15:38.724Z",
    "user": 1,
    "content_type": 11,
    "object_id": "20",
    "object_repr": "Греческий салат в сырной корзинке",
    "action_flag": 1,
    "change_message": "[{\"added\": {}}, {\"added\": {\"name\": \"recipe ingredient\", \"object\": \"RecipeIngredient object (57)\"}}]"
  }
},
{
  "model": "admin.logentry",
  "pk": 40,
  "fields": {
    "action_time": "2024-05-17T07:16:25.241Z",
    "user": 1,
    "content_type": 11,
    "object_id": "19",
    "object_repr": "Салат с фетой, мандарином, клюквой и орехами",
    "action_flag": 2,
    "change_message": "[{\"changed\": {\"fields\": [\"\\u0410\\u0432\\u0442\\u043e\\u0440 \\u0440\\u0435\\u0446\\u0435\\u043f\\u0442\\u0430\"]}}]"
  }
},
{
  "model": "auth.permission",
  "pk": 1,
  "fields": {
    "name": "Can add log entry",
    "content_type": 1,
    "codename": "add_logentry"
  }
},
{
  "model": "auth.permission",
  "pk": 2,
  "fields": {
    "name": "Can change log entry",
    "content_type": 1,
    "codename": "change_logentry"
  }
},
{
  "model": "auth.permission",
  "pk": 3,
  "fields": {
    "name": "Can delete log entry",
    "content_type": 1,
    "codename": "delete_logentry"
  }
},
{
  "model": "auth.permission",
  "pk": 4,
  "fields": {
    "name": "Can view log entry",
    "content_type": 1,
    "codename": "view_logentry"
  }
},
{
  "model": "auth.permission",
  "pk": 5,
  "fields": {
    "name": "Can add permission",
    "content_type": 2,
    "codename": "add_permission"
  }
},
{
  "model": "auth.permission",
  "pk": 6,
  "fields": {
    "name": "Can change permission",
    "content_type": 2,
    "codename": "change_permission"
  }
},
{
  "model": "auth.permission",
  "pk": 7,
  "fields": {
    "name": "Can delete permission",
    "content_type": 2,
    "codename": "delete_permission"
  }
},
{
  "model": "auth.permission",
  "pk": 8,
  "fields": {
    "name": "Can view permission",
    "content_type": 2,
    "codename": "view_permission"
  }
},
{
  "model": "auth.permission",
  "pk": 9,
  "fields": {
    "name": "Can add group",
    "content_type": 3,
    "codename": "add_group"
  }
},
{
  "model": "auth.permission",
  "pk": 10,
  "fields": {
    "name": "Can change group",
    "content_type": 3,
    "codename": "change_group"
  }
},
{
  "model": "auth.permission",
  "pk": 11,
  "fields": {
    "name": "Can delete group",
    "content_type": 3,
    "codename": "delete_group"
  }
},
{
  "model": "auth.permission",
  "pk": 12,
  "fields": {
    "name": "Can view group",
    "content_type": 3,
    "codename": "view_group"
  }
},
{
  "model": "auth.permission",
  "pk": 13,
  "fields": {
    "name": "Can add content type",
    "content_type": 4,
    "codename": "add_contenttype"
  }
},
{
  "model": "auth.permission",
  "pk": 14,
  "fields": {
    "name": "Can change content type",
    "content_type": 4,
    "codename": "change_contenttype"
  }
},
{
  "model": "auth.permission",
  "pk": 15,
  "fields": {
    "name": "Can delete content type",
    "content_type": 4,
    "codename": "delete_contenttype"
  }
},
{
  "model": "auth.permission",
  "pk": 16,
  "fields": {
    "name": "Can view content type",
    "content_type": 4,
    "codename": "view_contenttype"
  }
},
{
  "model": "auth.permission",
  "pk": 17,
  "fields": {
    "name": "Can add session",
    "content_type": 5,
    "codename": "add_session"
  }
},
{
  "model": "auth.permission",
  "pk": 18,
  "fields": {
    "name": "Can change session",
    "content_type": 5,
    "codename": "change_session"
  }
},
{
  "model": "auth.permission",
  "pk": 19,
  "fields": {
    "name": "Can delete session",
    "content_type": 5,
    "codename": "delete_session"
  }
},
{
  "model": "auth.permission",
  "pk": 20,
  "fields": {
    "name": "Can view session",
    "content_type": 5,
    "codename": "view_session"
  }
},
{
  "model": "auth.permission",
  "pk": 21,
  "fields": {
    "name": "Can add Token",
    "content_type": 6,
    "codename": "add_token"
  }
},
{
  "model": "auth.permission",
  "pk": 22,
  "fields": {
    "name": "Can change Token",
    "content_type": 6,
    "codename": "change_token"
  }
},
{
  "model": "auth.permission",
  "pk": 23,
  "fields": {
    "name": "Can delete Token",
    "content_type": 6,
    "codename": "delete_token"
  }
},
{
  "model": "auth.permission",
  "pk": 24,
  "fields": {
    "name": "Can view Token",
    "content_type": 6,
    "codename": "view_token"
  }
},
{
  "model": "auth.permission",
  "pk": 25,
  "fields": {
    "name": "Can add token",
    "content_type": 7,
    "codename": "add_tokenproxy"
  }
},
{
  "model": "auth.permission",
  "pk": 26,
  "fields": {
    "name": "Can change token",
    "content_type": 7,
    "codename": "change_tokenproxy"
  }
},
{
  "model": "auth.permission",
  "pk": 27,
  "fields": {
    "name": "Can delete token",
    "content_type": 7,
    "codename": "delete_tokenproxy"
  }
},
{
  "model": "auth.permission",
  "pk": 28,
  "fields": {
    "name": "Can view token",
    "content_type": 7,
    "codename": "view_tokenproxy"
  }
},
{
  "model": "auth.permission",
  "pk": 29,
  "fields": {
    "name": "Can add Корзина",
    "content_type": 8,
    "codename": "add_cart"
  }
},
{
  "model": "auth.permission",
  "pk": 30,
  "fields": {
    "name": "Can change Корзина",
    "content_type": 8,
    "codename": "change_cart"
  }
},
{
  "model": "auth.permission",
  "pk": 31,
  "fields": {
    "name": "Can delete Корзина",
    "content_type": 8,
    "codename": "delete_cart"
  }
},
{
  "model": "auth.permission",
  "pk": 32,
  "fields": {
    "name": "Can view Корзина",
    "content_type": 8,
    "codename": "view_cart"
  }
},
{
  "model": "auth.permission",
  "pk": 33,
  "fields": {
    "name": "Can add Подписки",
    "content_type": 9,
    "codename": "add_favorite"
  }
},
{
  "model": "auth.permission",
  "pk": 34,
  "fields": {
    "name": "Can change Подписки",
    "content_type": 9,
    "codename": "change_favorite"
  }
},
{
  "model": "auth.permission",
  "pk": 35,
  "fields": {
    "name": "Can delete Подписки",
    "content_type": 9,
    "codename": "delete_favorite"
  }
},
{
  "model": "auth.permission",
  "pk": 36,
  "fields": {
    "name": "Can view Подписки",
    "content_type": 9,
    "codename": "view_favorite"
  }
},
{
  "model": "auth.permission",
  "pk": 37,
  "fields": {
    "name": "Can add Ингредиент",
    "content_type": 10,
    "codename": "add_ingredient"
  }
},
{
  "model": "auth.permission",
  "pk": 38,
  "fields": {
    "name": "Can change Ингредиент",
    "content_type": 10,
    "codename": "change_ingredient"
  }
},
{
  "model": "auth.permission",
  "pk": 39,
  "fields": {
    "name": "Can delete Ингредиент",
    "content_type": 10,
    "codename": "delete_ingredient"
  }
},
{
  "model": "auth.permission",
  "pk": 40,
  "fields": {
    "name": "Can view Ингредиент",
    "content_type": 10,
    "codename": "view_ingredient"
  }
},
{
  "model": "auth.permission",
  "pk": 41,
  "fields": {
    "name": "Can add Рецепт",
    "content_type": 11,
    "codename": "add_recipe"
  }
},
{
  "model": "auth.permission",
  "pk": 42,
  "fields": {
    "name": "Can change Рецепт",
    "content_type": 11,
    "codename": "change_recipe"
  }
},
{
  "model": "auth.permission",
  "pk": 43,
  "fields": {
    "name": "Can delete Рецепт",
    "content_type": 11,
    "codename": "delete_recipe"
  }
},
{
  "model": "auth.permission",
  "pk": 44,
  "fields": {
    "name": "Can view Рецепт",
    "content_type": 11,
    "codename": "view_recipe"
  }
},
{
  "model": "auth.permission",
  "pk": 45,
  "fields": {
    "name": "Can add Тег",
    "content_type": 12,
    "codename": "add_tag"
  }
},
{
  "model": "auth.permission",
  "pk": 46,
  "fields": {
    "name": "Can change Тег",
    "content_type": 12,
    "codename": "change_tag"
  }
},
{
  "model": "auth.permission",
  "pk": 47,
  "fields": {
    "name": "Can delete Тег",
    "content_type": 12,
    "codename": "delete_tag"
  }
},
{
  "model": "auth.permission",
  "pk": 48,
  "fields": {
    "name": "Can view Тег",
    "content_type": 12,
    "codename": "view_tag"
  }
},
{
  "model": "auth.permission",
  "pk": 49,
  "fields": {
    "name": "Can add recipe ingredient",
    "content_type": 13,
    "codename": "add_recipeingredient"
  }
},
{
  "model": "auth.permission",
  "pk": 50,
  "fields": {
    "name": "Can change recipe ingredient",
    "content_type": 13,
    "codename": "change_recipeingredient"
  }
},
{
  "model": "auth.permission",
  "pk": 51,
  "fields": {
    "name": "Can delete recipe ingredient",
    "content_type": 13,
    "codename": "delete_recipeingredient"
  }
},
{
  "model": "auth.permission",
  "pk": 52,
  "fields": {
    "name": "Can view recipe ingredient",
    "content_type": 13,
    "codename": "view_recipeingredient"
  }
},
{
  "model": "auth.permission",
  "pk": 53,
  "fields": {
    "name": "Can add user",
    "content_type": 14,
    "codename": "add_user"
  }
},
{
  "model": "auth.permission",
  "pk": 54,
  "fields": {
    "name": "Can change user",
    "content_type": 14,
    "codename": "change_user"
  }
},
{
  "model": "auth.permission",
  "pk": 55,
  "fields": {
    "name": "Can delete user",
    "content_type": 14,
    "codename": "delete_user"
  }
},
{
  "model": "auth.permission",
  "pk": 56,
  "fields": {
    "name": "Can view user",
    "content_type": 14,
    "codename": "view_user"
  }
},
{
  "model": "auth.permission",
  "pk": 57,
  "fields": {
    "name": "Can add follow",
    "content_type": 15,
    "codename": "add_follow"
  }
},
{
  "model": "auth.permission",
  "pk": 58,
  "fields": {
    "name": "Can change follow",
    "content_type": 15,
    "codename": "change_follow"
  }
},
{
  "model": "auth.permission",
  "pk": 59,
  "fields": {
    "name": "Can delete follow",
    "content_type": 15,
    "codename": "delete_follow"
  }
},
{
  "model": "auth.permission",
  "pk": 60,
  "fields": {
    "name": "Can view follow",
    "content_type": 15,
    "codename": "view_follow"
  }
},
{
  "model": "contenttypes.contenttype",
  "pk": 1,
  "fields": {
    "app_label": "admin",
    "model": "logentry"
  }
},
{
  "model": "contenttypes.contenttype",
  "pk": 2,
  "fields": {
    "app_label": "auth",
    "model": "permission"
  }
},
{
  "model": "contenttypes.contenttype",
  "pk": 3,
  "fields": {
    "app_label": "auth",
    "model": "group"
  }
},
{
  "model": "contenttypes.contenttype",
  "pk": 4,
  "fields": {
    "app_label": "contenttypes",
    "model": "contenttype"
  }
},
{
  "model": "contenttypes.contenttype",
  "pk": 5,
  "fields": {
    "app_label": "sessions",
    "model": "session"
  }
},
{
  "model": "contenttypes.contenttype",
  "pk": 6,
  "fields": {
    "app_label": "authtoken",
    "model": "token"
  }
},
{
  "model": "contenttypes.contenttype",
  "pk": 7,
  "fields": {
    "app_label": "authtoken",
    "model": "tokenproxy"
  }
},
{
  "model": "contenttypes.contenttype",
  "pk": 8,
  "fields": {
    "app_label": "recipes",
    "model": "cart"
  }
},
{
  "model": "contenttypes.contenttype",
  "pk": 9,
  "fields": {
    "app_label": "recipes",
    "model": "favorite"
  }
},
{
  "model": "contenttypes.contenttype",
  "pk": 10,
  "fields": {
    "app_label": "recipes",
    "model": "ingredient"
  }
},
{
  "model": "contenttypes.contenttype",
  "pk": 11,
  "fields": {
    "app_label": "recipes",
    "model": "recipe"
  }
},
{
  "model": "contenttypes.contenttype",
  "pk": 12,
  "fields": {
    "app_label": "recipes",
    "model": "tag"
  }
},
{
  "model": "contenttypes.contenttype",
  "pk": 13,
  "fields": {
    "app_label": "recipes",
    "model": "recipeingredient"
  }
},
{
  "model": "contenttypes.contenttype",
  "pk": 14,
  "fields": {
    "app_label": "users",
    "model": "user"
  }
},
{
  "model": "contenttypes.contenttype",
  "pk": 15,
  "fields": {
    "app_label": "users",
    "model": "follow"
  }
},
{
  "model": "recipes.recipe",
  "pk": 1,
  "fields": {
    "name": "Банановые панкейки",
    "text": "Самый вкусный и простой завтрак — банановые панкейки. Приготовление не займет у вас много времени. А если делать эти блинчики с детьми, процесс превратится в веселую игру.",
    "author": 1,
    "cooking_time": 12,
    "image": "recipes/images/1__wy4Gqd5.jpg",
    "pub_date": "2024-05-17T06:41:18.292Z",
    "tags": [
      1,
      2
    ]
  }
},
{
  "model": "recipes.recipe",
  "pk": 2,
  "fields": {
    "name": "Нежные творожные сырники",
    "text": "Сырники — всегда отличный повод собрать семью за завтраком. Подавайте со сметаной, сгущенкой, медом или вареньем — в выходные можно все!",
    "author": 1,
    "cooking_time": 30,
    "image": "recipes/images/2__Tc438mS.jpg",
    "pub_date": "2024-05-17T06:42:45.812Z",
    "tags": [
      1,
      2
    ]
  }
},
{
  "model": "recipes.recipe",
  "pk": 3,
  "fields": {
    "name": "Двухслойная творожная запеканка",
    "text": "Нежнейший творожный десерт прекрасно подойдет для завтрака. В рецепте не используется мука, поэтому запеканка имеет легкую воздушную текстуру. В меру сладкий вкус напоминает подтаявшее мороженое пломбир.",
    "author": 1,
    "cooking_time": 46,
    "image": "recipes/images/3__a4Ip0Dd.jpg",
    "pub_date": "2024-05-17T06:43:45.461Z",
    "tags": [
      3
    ]
  }
},
{
  "model": "recipes.recipe",
  "pk": 4,
  "fields": {
    "name": "Турецкая яичница чылбыр с йогуртом",
    "text": "Необычный вариант яичницы. В Турции в приготовлении чылбыра используется местный продукт. В наших условиях попробуйте заменить турецкий йогурт на греческий.",
    "author": 1,
    "cooking_time": 747,
    "image": "recipes/images/4__eepxTMU.jpg",
    "pub_date": "2024-05-17T06:44:58.565Z",
    "tags": [
      1,
      2,
      3
    ]
  }
},
{
  "model": "recipes.recipe",
  "pk": 5,
  "fields": {
    "name": "Брускетта с тунцом",
    "text": "Такие брускетты быстро готовятся, а выглядят очень эффектно. Их можно подать к завтраку или в качестве закуски на праздничный стол.",
    "author": 1,
    "cooking_time": 46,
    "image": "recipes/images/5__ZUSdxdL.jpg",
    "pub_date": "2024-05-17T06:46:16.605Z",
    "tags": [
      2
    ]
  }
},
{
  "model": "recipes.recipe",
  "pk": 6,
  "fields": {
    "name": "Феттучине с куриной грудкой и вялеными помидорами",
    "text": "В этом рецепте красиво все: необычная форма пасты, маринованная грудка, пикантный соус и присутствие вяленых помидоров. Подобную пасту можно заказать в хорошем ресторане. А отведать дома будет намного бюджетнее и уютнее.",
    "author": 2,
    "cooking_time": 24,
    "image": "recipes/images/6__jGCEscB.jpg",
    "pub_date": "2024-05-17T06:54:30.737Z",
    "tags": [
      1,
      2
    ]
  }
},
{
  "model": "recipes.recipe",
  "pk": 7,
  "fields": {
    "name": "Паста «Четыре сыра»",
    "text": "«Конечно, я понимаю, что четыре сыра в одном блюде — роскошь, но тем, кто любит сыры, и тем, кто всю неделю тщательно считает свои калории, в воскресенье хочется похулиганить и съесть что-то насыщенное и жирное!» — говорит Юлия Высоцкая.",
    "author": 2,
    "cooking_time": 42,
    "image": "recipes/images/7__gUuUg98.jpg",
    "pub_date": "2024-05-17T06:55:28.440Z",
    "tags": [
      1,
      2,
      3
    ]
  }
},
{
  "model": "recipes.recipe",
  "pk": 8,
  "fields": {
    "name": "Лазанья",
    "text": "Рецепт лазаньи с доступным составом. Все продукты вы найдете в обычном супермаркете, а листы для лазаньи можно заказать в Интернете и хранить до подходящего случая.",
    "author": 2,
    "cooking_time": 856,
    "image": "recipes/images/8__Bd4TF69.jpg",
    "pub_date": "2024-05-17T06:56:23.982Z",
    "tags": [
      2
    ]
  }
},
{
  "model": "recipes.recipe",
  "pk": 9,
  "fields": {
    "name": "Сливочно-сырный суп с ветчиной",
    "text": "Сырные супы обладают особым очарованием, они всегда необыкновенно вкусны. Конечно, здесь нужны хорошие продукты, и тогда это блюдо обязательно порадует и согреет в холодный день.",
    "author": 2,
    "cooking_time": 42,
    "image": "recipes/images/9__Rg6aEHU.jpg",
    "pub_date": "2024-05-17T07:00:13.359Z",
    "tags": [
      2,
      3
    ]
  }
},
{
  "model": "recipes.recipe",
  "pk": 10,
  "fields": {
    "name": "Суп а-ля харчо",
    "text": "Кто хоть однажды пробовал грузинскую кухню, навсегда станет ее поклонником. Самый известный грузинский суп харчо варят из говядины. Как любое национальное блюдо, харчо имеет много разновидностей. И несмотря на то, что варим этот суп мы не так, как в Грузии, все равно он получается вкусным.",
    "author": 3,
    "cooking_time": 3213,
    "image": "recipes/images/10__JeO8o81.jpg",
    "pub_date": "2024-05-17T07:01:51.305Z",
    "tags": [
      1,
      2
    ]
  }
},
{
  "model": "recipes.recipe",
  "pk": 11,
  "fields": {
    "name": "Острый креветочный суп",
    "text": "Этот креветочный суп — вариант тайского блюда из морепродуктов «Том Ям Кунг», но без добавления пасты, которая используется для «Том Яма». Суп получается довольно пряным. Любителям острой азиатской пищи очень понравится.",
    "author": 3,
    "cooking_time": 31,
    "image": "recipes/images/11__G9uoDse.jpg",
    "pub_date": "2024-05-17T07:02:46.595Z",
    "tags": [
      1,
      3
    ]
  }
},
{
  "model": "recipes.recipe",
  "pk": 12,
  "fields": {
    "name": "Кутабы с сыром и зеленью",
    "text": "В Азербайджане кутабы готовят чаще всего с мясом, требухой, тыквой и, конечно, зеленью. Зелень используется самая-самая разная, причем сразу в свежем виде. Лепешки по этому рецепту получаются особенно вкусными как в качестве закуски, так и на завтрак с чашкой сладкого чая.",
    "author": 3,
    "cooking_time": 75,
    "image": "recipes/images/12__RkWm8MW.jpg",
    "pub_date": "2024-05-17T07:04:18.037Z",
    "tags": [
      2
    ]
  }
},
{
  "model": "recipes.recipe",
  "pk": 13,
  "fields": {
    "name": "Блины с начинкой из куриных сердечек и шампиньонов",
    "text": "Когда еще найдется время, чтобы напечь тонких блинчиков и завернуть в них любимую начинку? Конечно же, в выходные! Фарш из куриных сердечек и шампиньонов, обжаренных с луком, очень сочный и сытный, но при этом достаточно диетический.",
    "author": 3,
    "cooking_time": 43,
    "image": "recipes/images/13__naxhHQG.jpg",
    "pub_date": "2024-05-17T07:05:41.816Z",
    "tags": [
      1,
      2
    ]
  }
},
{
  "model": "recipes.recipe",
  "pk": 14,
  "fields": {
    "name": "Свиная вырезка с песто из шпината",
    "text": "Соус песто из шпината с кедровыми орешками не только создает яркий насыщенный цвет, но и пропитывает свинину тонкими ароматами лета и солнца, пармезан придает пикантность. Чтобы у мяса получилась вкусная румяная корочка, перед запеканием его нужно смазать смесью дижонской горчицы и меда, посыпать пармезаном и зернами горчицы.",
    "author": 4,
    "cooking_time": 43,
    "image": "recipes/images/14__wCssqP1.jpg",
    "pub_date": "2024-05-17T07:06:41.729Z",
    "tags": [
      1,
      2
    ]
  }
},
{
  "model": "recipes.recipe",
  "pk": 15,
  "fields": {
    "name": "Чахохбили с мятой",
    "text": "Чахохбили идеально подходит для обедов в теплом семейном кругу, особенно в холодное время года. Предлагаем приготовить это блюдо с мятой. Она дополняет привычный насыщенный острый вкус свежими и яркими нотками. Попробуйте, вы будете удивлены, насколько гармонично мята вписывается в это блюдо.",
    "author": 4,
    "cooking_time": 543,
    "image": "recipes/images/15__YdQWNyY.jpg",
    "pub_date": "2024-05-17T07:07:54.813Z",
    "tags": [
      1,
      2
    ]
  }
},
{
  "model": "recipes.recipe",
  "pk": 16,
  "fields": {
    "name": "Фаршированные свиные отбивные с ягодным соусом",
    "text": "Начинка получается мягкой, сочной, а розмарин и орегано придают ей потрясающий аромат. Подаются отбивные с ягодным соусом из клюквы и малины. Получается чудесное блюдо для семейного застолья.",
    "author": 4,
    "cooking_time": 42,
    "image": "recipes/images/16__s3t9BlL.jpg",
    "pub_date": "2024-05-17T07:08:55.536Z",
    "tags": [
      2
    ]
  }
},
{
  "model": "recipes.recipe",
  "pk": 17,
  "fields": {
    "name": "Тефтельки фламбе",
    "text": "Огонь обогревает, остерегает и дарит радость созерцания. Холодным зимним вечером или же ранним утром порадует непередаваемый вкус блюд, опаленных огнем. Иная энергетика — попробуйте!",
    "author": 4,
    "cooking_time": 42,
    "image": "recipes/images/17__wCaRPPd.jpg",
    "pub_date": "2024-05-17T07:09:33.813Z",
    "tags": [
      1,
      2,
      3
    ]
  }
},
{
  "model": "recipes.recipe",
  "pk": 18,
  "fields": {
    "name": "Утка с картофелем по-китайски",
    "text": "Рецепт сочного блюда, на приготовления которого не потребуется много времени. Все запекается вместе: и утка, и гарнир в виде картофеля. Картошечка получается нежной и ароматной, а утка — с хрустящей корочкой. Минимум усилий — и вкусный ужин для всей семьи готов!",
    "author": 6,
    "cooking_time": 5342,
    "image": "recipes/images/18__uQj6op4.jpg",
    "pub_date": "2024-05-17T07:13:58.602Z",
    "tags": [
      3
    ]
  }
},
{
  "model": "recipes.recipe",
  "pk": 19,
  "fields": {
    "name": "Салат с фетой, мандарином, клюквой и орехами",
    "text": "Легкий и яркий салат со сложным гармоничным вкусом — кисло-сладкая заправка, сладкий мандарин и кислая клюква, соленая фета, горьковатые салатные травы и орехи. Актуально для зимы.",
    "author": 6,
    "cooking_time": 53,
    "image": "recipes/images/19__pdVljQj.jpg",
    "pub_date": "2024-05-17T07:14:53.821Z",
    "tags": [
      1,
      3
    ]
  }
},
{
  "model": "recipes.recipe",
  "pk": 20,
  "fields": {
    "name": "Греческий салат в сырной корзинке",
    "text": "Это вариация классического греческого салата с интересным способом подачи. Сыр выбирайте на свое усмотрение — можно взять мягкий козий или сливочный. Лук тоже подойдет любой, но все же лучше здесь работает красный — он сладкий и мясистый. Неплохо добавить немного зеленого лука, петрушки, свежего тимьяна или орегано.",
    "author": 6,
    "cooking_time": 6534,
    "image": "recipes/images/20__wC45pky.jpg",
    "pub_date": "2024-05-17T07:15:38.717Z",
    "tags": [
      1,
      2
    ]
  }
},
{
  "model": "recipes.ingredient",
  "pk": 1,
  "fields": {
    "name": "абрикосовое пюре",
    "measurement_unit": "г"
  }
},
{
  "model": "recipes.ingredient",
  "pk": 2,
  "fields": {
    "name": "базилик тайский",
    "measurement_unit": "горсть"
  }
},
{
  "model": "recipes.ingredient",
  "pk": 3,
  "fields": {
    "name": "бараний окорок на косточке",
    "measurement_unit": "кусок"
  }
},
{
  "model": "recipes.ingredient",
  "pk": 4,
  "fields": {
    "name": "бисквитная крошка",
    "measurement_unit": "г"
  }
},
{
  "model": "recipes.ingredient",
  "pk": 5,
  "fields": {
    "name": "виноградное желе",
    "measurement_unit": "ст. л."
  }
},
{
  "model": "recipes.ingredient",
  "pk": 6,
  "fields": {
    "name": "гвоздика молотая",
    "measurement_unit": "по вкусу"
  }
},
{
  "model": "recipes.ingredient",
  "pk": 7,
  "fields": {
    "name": "гратен",
    "measurement_unit": "кг"
  }
},
{
  "model": "recipes.ingredient",
  "pk": 8,
  "fields": {
    "name": "зефир",
    "measurement_unit": "г"
  }
},
{
  "model": "recipes.ingredient",
  "pk": 9,
  "fields": {
    "name": "имбирное печенье",
    "measurement_unit": "по вкусу"
  }
},
{
  "model": "recipes.ingredient",
  "pk": 10,
  "fields": {
    "name": "калинджи семена",
    "measurement_unit": "ч. л."
  }
},
{
  "model": "recipes.recipeingredient",
  "pk": 1,
  "fields": {
    "recipe": 1,
    "ingredient": 6,
    "amount": 21
  }
},
{
  "model": "recipes.recipeingredient",
  "pk": 2,
  "fields": {
    "recipe": 1,
    "ingredient": 10,
    "amount": 12
  }
},
{
  "model": "recipes.recipeingredient",
  "pk": 3,
  "fields": {
    "recipe": 1,
    "ingredient": 2,
    "amount": 390
  }
},
{
  "model": "recipes.recipeingredient",
  "pk": 4,
  "fields": {
    "recipe": 2,
    "ingredient": 3,
    "amount": 31
  }
},
{
  "model": "recipes.recipeingredient",
  "pk": 5,
  "fields": {
    "recipe": 2,
    "ingredient": 8,
    "amount": 54
  }
},
{
  "model": "recipes.recipeingredient",
  "pk": 6,
  "fields": {
    "recipe": 2,
    "ingredient": 7,
    "amount": 90
  }
},
{
  "model": "recipes.recipeingredient",
  "pk": 7,
  "fields": {
    "recipe": 2,
    "ingredient": 9,
    "amount": 63
  }
},
{
  "model": "recipes.recipeingredient",
  "pk": 8,
  "fields": {
    "recipe": 3,
    "ingredient": 8,
    "amount": 535
  }
},
{
  "model": "recipes.recipeingredient",
  "pk": 9,
  "fields": {
    "recipe": 3,
    "ingredient": 1,
    "amount": 234
  }
},
{
  "model": "recipes.recipeingredient",
  "pk": 10,
  "fields": {
    "recipe": 4,
    "ingredient": 7,
    "amount": 543
  }
},
{
  "model": "recipes.recipeingredient",
  "pk": 11,
  "fields": {
    "recipe": 4,
    "ingredient": 4,
    "amount": 35
  }
},
{
  "model": "recipes.recipeingredient",
  "pk": 12,
  "fields": {
    "recipe": 4,
    "ingredient": 9,
    "amount": 767
  }
},
{
  "model": "recipes.recipeingredient",
  "pk": 13,
  "fields": {
    "recipe": 5,
    "ingredient": 10,
    "amount": 32
  }
},
{
  "model": "recipes.recipeingredient",
  "pk": 14,
  "fields": {
    "recipe": 5,
    "ingredient": 5,
    "amount": 13
  }
},
{
  "model": "recipes.recipeingredient",
  "pk": 15,
  "fields": {
    "recipe": 5,
    "ingredient": 2,
    "amount": 42
  }
},
{
  "model": "recipes.recipeingredient",
  "pk": 16,
  "fields": {
    "recipe": 5,
    "ingredient": 9,
    "amount": 24
  }
},
{
  "model": "recipes.recipeingredient",
  "pk": 17,
  "fields": {
    "recipe": 5,
    "ingredient": 7,
    "amount": 42
  }
},
{
  "model": "recipes.recipeingredient",
  "pk": 18,
  "fields": {
    "recipe": 6,
    "ingredient": 5,
    "amount": 13
  }
},
{
  "model": "recipes.recipeingredient",
  "pk": 19,
  "fields": {
    "recipe": 6,
    "ingredient": 4,
    "amount": 31
  }
},
{
  "model": "recipes.recipeingredient",
  "pk": 20,
  "fields": {
    "recipe": 7,
    "ingredient": 3,
    "amount": 31
  }
},
{
  "model": "recipes.recipeingredient",
  "pk": 21,
  "fields": {
    "recipe": 7,
    "ingredient": 10,
    "amount": 23
  }
},
{
  "model": "recipes.recipeingredient",
  "pk": 22,
  "fields": {
    "recipe": 7,
    "ingredient": 5,
    "amount": 13
  }
},
{
  "model": "recipes.recipeingredient",
  "pk": 23,
  "fields": {
    "recipe": 8,
    "ingredient": 2,
    "amount": 432
  }
},
{
  "model": "recipes.recipeingredient",
  "pk": 24,
  "fields": {
    "recipe": 8,
    "ingredient": 9,
    "amount": 14
  }
},
{
  "model": "recipes.recipeingredient",
  "pk": 25,
  "fields": {
    "recipe": 8,
    "ingredient": 5,
    "amount": 54
  }
},
{
  "model": "recipes.recipeingredient",
  "pk": 26,
  "fields": {
    "recipe": 9,
    "ingredient": 1,
    "amount": 432
  }
},
{
  "model": "recipes.recipeingredient",
  "pk": 27,
  "fields": {
    "recipe": 9,
    "ingredient": 5,
    "amount": 12
  }
},
{
  "model": "recipes.recipeingredient",
  "pk": 28,
  "fields": {
    "recipe": 9,
    "ingredient": 4,
    "amount": 32
  }
},
{
  "model": "recipes.recipeingredient",
  "pk": 29,
  "fields": {
    "recipe": 9,
    "ingredient": 7,
    "amount": 42
  }
},
{
  "model": "recipes.recipeingredient",
  "pk": 30,
  "fields": {
    "recipe": 9,
    "ingredient": 2,
    "amount": 123
  }
},
{
  "model": "recipes.recipeingredient",
  "pk": 31,
  "fields": {
    "recipe": 9,
    "ingredient": 3,
    "amount": 423
  }
},
{
  "model": "recipes.recipeingredient",
  "pk": 32,
  "fields": {
    "recipe": 9,
    "ingredient": 6,
    "amount": 13
  }
},
{
  "model": "recipes.recipeingredient",
  "pk": 33,
  "fields": {
    "recipe": 9,
    "ingredient": 8,
    "amount": 32
  }
},
{
  "model": "recipes.recipeingredient",
  "pk": 34,
  "fields": {
    "recipe": 9,
    "ingredient": 10,
    "amount": 54
  }
},
{
  "model": "recipes.recipeingredient",
  "pk": 35,
  "fields": {
    "recipe": 9,
    "ingredient": 9,
    "amount": 34
  }
},
{
  "model": "recipes.recipeingredient",
  "pk": 36,
  "fields": {
    "recipe": 10,
    "ingredient": 7,
    "amount": 321
  }
},
{
  "model": "recipes.recipeingredient",
  "pk": 37,
  "fields": {
    "recipe": 11,
    "ingredient": 9,
    "amount": 32
  }
},
{
  "model": "recipes.recipeingredient",
  "pk": 38,
  "fields": {
    "recipe": 11,
    "ingredient": 8,
    "amount": 14
  }
},
{
  "model": "recipes.recipeingredient",
  "pk": 39,
  "fields": {
    "recipe": 12,
    "ingredient": 5,
    "amount": 534
  }
},
{
  "model": "recipes.recipeingredient",
  "pk": 40,
  "fields": {
    "recipe": 12,
    "ingredient": 1,
    "amount": 123
  }
},
{
  "model": "recipes.recipeingredient",
  "pk": 41,
  "fields": {
    "recipe": 13,
    "ingredient": 6,
    "amount": 423
  }
},
{
  "model": "recipes.recipeingredient",
  "pk": 42,
  "fields": {
    "recipe": 13,
    "ingredient": 9,
    "amount": 123
  }
},
{
  "model": "recipes.recipeingredient",
  "pk": 43,
  "fields": {
    "recipe": 14,
    "ingredient": 10,
    "amount": 45
  }
},
{
  "model": "recipes.recipeingredient",
  "pk": 44,
  "fields": {
    "recipe": 14,
    "ingredient": 7,
    "amount": 321
  }
},
{
  "model": "recipes.recipeingredient",
  "pk": 45,
  "fields": {
    "recipe": 14,
    "ingredient": 6,
    "amount": 32
  }
},
{
  "model": "recipes.recipeingredient",
  "pk": 46,
  "fields": {
    "recipe": 15,
    "ingredient": 3,
    "amount": 32
  }
},
{
  "model": "recipes.recipeingredient",
  "pk": 47,
  "fields": {
    "recipe": 15,
    "ingredient": 4,
    "amount": 123
  }
},
{
  "model": "recipes.recipeingredient",
  "pk": 48,
  "fields": {
    "recipe": 15,
    "ingredient": 6,
    "amount": 54
  }
},
{
  "model": "recipes.recipeingredient",
  "pk": 49,
  "fields": {
    "recipe": 15,
    "ingredient": 2,
    "amount": 14
  }
},
{
  "model": "recipes.recipeingredient",
  "pk": 50,
  "fields": {
    "recipe": 16,
    "ingredient": 10,
    "amount": 42
  }
},
{
  "model": "recipes.recipeingredient",
  "pk": 51,
  "fields": {
    "recipe": 16,
    "ingredient": 6,
    "amount": 14
  }
},
{
  "model": "recipes.recipeingredient",
  "pk": 52,
  "fields": {
    "recipe": 16,
    "ingredient": 4,
    "amount": 42
  }
},
{
  "model": "recipes.recipeingredient",
  "pk": 53,
  "fields": {
    "recipe": 17,
    "ingredient": 5,
    "amount": 31
  }
},
{
  "model": "recipes.recipeingredient",
  "pk": 54,
  "fields": {
    "recipe": 18,
    "ingredient": 8,
    "amount": 2443
  }
},
{
  "model": "recipes.recipeingredient",
  "pk": 55,
  "fields": {
    "recipe": 18,
    "ingredient": 3,
    "amount": 31
  }
},
{
  "model": "recipes.recipeingredient",
  "pk": 56,
  "fields": {
    "recipe": 19,
    "ingredient": 4,
    "amount": 41
  }
},
{
  "model": "recipes.recipeingredient",
  "pk": 57,
  "fields": {
    "recipe": 20,
    "ingredient": 7,
    "amount": 32
  }
},
{
  "model": "recipes.tag",
  "pk": 1,
  "fields": {
    "name": "завтрак",
    "slug": "breakfast",
    "color": "#FF0000"
  }
},
{
  "model": "recipes.tag",
  "pk": 2,
  "fields": {
    "name": "обед",
    "slug": "lunch",
    "color": "#76FF32"
  }
},
{
  "model": "recipes.tag",
  "pk": 3,
  "fields": {
    "name": "ужин",
    "slug": "dinner",
    "color": "#9914D2"
  }
},
{
  "model": "users.user",
  "pk": 1,
  "fields": {
    "password": "pbkdf2_sha256$260000$XjTHz94a9xDrX3H1VNsUkV$cGLiBiHsja4wGDS/3cLPpS/pMR6s5Bi6akMmaIU946s=",
    "last_login": "2024-05-17T06:49:26.877Z",
    "is_superuser": true,
    "username": "review",
    "is_staff": true,
    "is_active": true,
    "date_joined": "2024-05-17T06:27:06.039Z",
    "email": "review@admin.ru",
    "first_name": "r",
    "last_name": "r",
    "groups": [],
    "user_permissions": []
  }
},
{
  "model": "users.user",
  "pk": 2,
  "fields": {
    "password": "alskdjfhg",
    "last_login": null,
    "is_superuser": false,
    "username": "user1",
    "is_staff": false,
    "is_active": true,
    "date_joined": "2024-05-17T06:49:37Z",
    "email": "user1@mail.ru",
    "first_name": "user1",
    "last_name": "user1",
    "groups": [],
    "user_permissions": []
  }
},
{
  "model": "users.user",
  "pk": 3,
  "fields": {
    "password": "alskdjfhg",
    "last_login": null,
    "is_superuser": false,
    "username": "user2",
    "is_staff": false,
    "is_active": true,
    "date_joined": "2024-05-17T06:50:51Z",
    "email": "user2@mail.ru",
    "first_name": "user2",
    "last_name": "user2",
    "groups": [],
    "user_permissions": []
  }
},
{
  "model": "users.user",
  "pk": 4,
  "fields": {
    "password": "alskdjfhg",
    "last_login": null,
    "is_superuser": false,
    "username": "user3",
    "is_staff": false,
    "is_active": true,
    "date_joined": "2024-05-17T06:51:30Z",
    "email": "user3@mail.ru",
    "first_name": "user3",
    "last_name": "user3",
    "groups": [],
    "user_permissions": []
  }
},
{
  "model": "users.user",
  "pk": 6,
  "fields": {
    "password": "alskdjfhg",
    "last_login": null,
    "is_superuser": false,
    "username": "user4",
    "is_staff": false,
    "is_active": true,
    "date_joined": "2024-05-17T07:12:21Z",
    "email": "user4@mail.ru",
    "first_name": "user4",
    "last_name": "user4",
    "groups": [],
    "user_permissions": []
  }
}
]
